{"speech": {"male": {"count": 9, "samples": [[{"flux_avg": 2.040319383130296, "zcr_avg": 0.14387670339838493, "energy_avg": 0.0545189031856986, "MFCC": "Hirvesti dataa"}], [{"flux_avg": 1.6935201318289776, "MFCC": "Hirvesti dataa", "energy_avg": 0.027116985180189172, "zcr_avg": 0.15384451634877383}], [{"flux_avg": 1.7440815827199503, "zcr_avg": 0.1755130287367223, "MFCC": "Hirvesti dataa", "energy_avg": 0.02774996638860682}], [{"flux_avg": 1.5857126107714075, "energy_avg": 0.03285101040411972, "MFCC": "Hirvesti dataa", "zcr_avg": 0.15750252169610232}], [{"flux_avg": 1.5959349718749307, "zcr_avg": 0.17433045750899281, "energy_avg": 0.03565225146165641, "MFCC": "Hirvesti dataa"}], [{"flux_avg": 1.935131233979681, "MFCC": "Hirvesti dataa", "energy_avg": 0.045586422373830454, "zcr_avg": 0.16211100804765885}], [{"flux_avg": 1.806600289296684, "zcr_avg": 0.1512632978723404, "MFCC": "Hirvesti dataa", "energy_avg": 0.03641487732755144}], [{"flux_avg": 2.1886964832129094, "energy_avg": 0.0489574288636331, "MFCC": "Hirvesti dataa", "zcr_avg": 0.15732614617598684}], [{"flux_avg": 2.2741983626069966, "zcr_avg": 0.15430641795602607, "energy_avg": 0.04881394844340328, "MFCC": "Hirvesti dataa"}]], "metadata": {"energy_var": 0.0019147538178732129, "mfcc": [{"D1_var": [0.5976308286352195, 0.3823973396825862, 0.2353882166478459, 0.0990993630276606, 0.05141413653826552, 0.03309081006683114, 0.02932255840740708, 0.029920587344809096, 0.039078548951722816, 0.04090531941595067, 0.02326136728959141, 0.008954830360105522, 0.00899472608771145], "D1_avg": [0.004291361446325038, -0.0024718653835191866, 0.0014359279426393414, 4.2302278748309356e-05, -0.0014803299470870616, 0.0019116796163321417, -0.001074082635698595, 0.0006161941178025543, 0.0002706932141958611, -0.0012388629317953807, 0.0016601332400311974, -0.0013837980368913675, 0.0005344529707070624]}], "flux_avg": 1.8737994499357593, "flux_var": 10.998034695728725, "energy_avg": 0.039740199292076554, "zcr_var": 0.016570886930602793, "zcr_avg": 0.1588971219712209}}, "female": {"count": 20, "samples": [[{"flux_avg": 0.8077729958202109, "MFCC": "Hirvesti dataa", "energy_avg": 0.03164287781734987, "zcr_avg": 0.07632150036549708}], [{"flux_avg": 0.7909341867495974, "zcr_avg": 0.0702657496675532, "MFCC": "Hirvesti dataa", "energy_avg": 0.038349213870524215}], [{"flux_avg": 0.8322209322846724, "energy_avg": 0.036846625750096604, "MFCC": "Hirvesti dataa", "zcr_avg": 0.0819270996706399}], [{"flux_avg": 0.8476968026130915, "zcr_avg": 0.07820428527227723, "energy_avg": 0.025069137619732503, "MFCC": "Hirvesti dataa"}], [{"flux_avg": 0.6843068232226762, "MFCC": "Hirvesti dataa", "energy_avg": 0.03751505200234561, "zcr_avg": 0.07022427854454204}], [{"flux_avg": 0.7836234993988835, "zcr_avg": 0.06504399725731383, "MFCC": "Hirvesti dataa", "energy_avg": 0.03834972661045695}], [{"flux_avg": 0.6031364882663305, "energy_avg": 0.038892372363034174, "MFCC": "Hirvesti dataa", "zcr_avg": 0.080172588130109}], [{"flux_avg": 0.8222639728680463, "zcr_avg": 0.07462309833751568, "energy_avg": 0.03684706976539353, "MFCC": "Hirvesti dataa"}], [{"flux_avg": 1.0813773126095718, "MFCC": "Hirvesti dataa", "energy_avg": 0.031807867316651375, "zcr_avg": 0.07967341097949081}], [{"flux_avg": 0.79500804669362, "zcr_avg": 0.06859352156432749, "MFCC": "Hirvesti dataa", "energy_avg": 0.031643461982712465}], [{"flux_avg": 0.6837779800657846, "energy_avg": 0.046788947962944936, "MFCC": "Hirvesti dataa", "zcr_avg": 0.07896290735924112}], [{"flux_avg": 1.1759389156724067, "zcr_avg": 0.07721527447718632, "energy_avg": 0.032024311156414395, "MFCC": "Hirvesti dataa"}], [{"flux_avg": 1.2754590463491757, "MFCC": "Hirvesti dataa", "energy_avg": 0.0320724036455828, "zcr_avg": 0.06682695236354776}], [{"flux_avg": 1.2439159564653115, "zcr_avg": 0.07562913161057692, "MFCC": "Hirvesti dataa", "energy_avg": 0.03566462948179396}], [{"flux_avg": 1.224714812667312, "energy_avg": 0.034011996591026925, "MFCC": "Hirvesti dataa", "zcr_avg": 0.07185888384086445}], [{"flux_avg": 1.0576992350078718, "zcr_avg": 0.07294139822895278, "energy_avg": 0.029778633542842842, "MFCC": "Hirvesti dataa"}], [{"flux_avg": 0.8606085365460946, "MFCC": "Hirvesti dataa", "energy_avg": 0.026123131275696144, "zcr_avg": 0.07519983362268519}], [{"flux_avg": 0.8807941504620677, "zcr_avg": 0.07007058287795993, "MFCC": "Hirvesti dataa", "energy_avg": 0.026485129381795258}], [{"flux_avg": 0.8977487197229621, "energy_avg": 0.028645462075595547, "MFCC": "Hirvesti dataa", "zcr_avg": 0.07720298423423423}], [{"flux_avg": 0.841575215633951, "zcr_avg": 0.06582681088262476, "energy_avg": 0.025363340696941884, "MFCC": "Hirvesti dataa"}]], "metadata": {"energy_var": 0.0008449778136860892, "mfcc": [{"D1_var": [0.12090985335027302, 0.02659725541337701, 0.023631065245963034, 0.008205892115987962, 0.008851278533934352, 0.005214794834713126, 0.006153966626512822, 0.005071795595612093, 0.00477902171375116, 0.0038420647074963233, 0.0028753234331434455, 0.0036919910553134044, 0.00274293893530487], "D1_avg": [0.0003192973443237306, 0.00024473396376969726, -1.156342938933443e-05, 3.4884583656525325e-05, -1.4355953759268461e-05, -2.8118228122385603e-05, 3.4329002486379615e-05, 0.00011951696636083486, -9.166298977595871e-05, -0.00021156885687617988, 0.00010648284360832473, 9.380724155326419e-05, 9.821930570633635e-05]}], "flux_avg": 0.909528681455982, "flux_var": 8.432363727648942, "zcr_avg": 0.073839214464357, "zcr_var": 0.006159009238854629, "energy_avg": 0.033196069545446585}}, "metadata": {"flux_avg": 0.8408360991049019, "flux_var": null, "zcr_var": null, "zcr_avg": 0.07472934549617795}}, "other": {"metadata": {"flux_avg": null, "flux_var": null, "zcr_var": null, "zcr_avg": null}}, "music": {"piano": {"count": 4, "samples": [[{"flux_avg": 1.3793700622371605, "zcr_avg": 0.04629264621559633, "energy_avg": 0.053767749510303386, "MFCC": "Hirvesti dataa"}], [{"flux_avg": 0.19982062939880268, "MFCC": "Hirvesti dataa", "energy_avg": 0.193473051441657, "zcr_avg": 0.050159289445244955}], [{"flux_avg": 0.09857171082285855, "zcr_avg": 0.02079150834377938, "MFCC": "Hirvesti dataa", "energy_avg": 0.07390601618669584}], [{"flux_avg": 0.57530723192491917, "energy_avg": 0.033909866034792582, "MFCC": "Hirvesti dataa", "zcr_avg": 0.069499790268456374}]], "metadata": {"energy_var": 0.0028397015103524721, "mfcc": [{"D1_var": [0.027773603285283152, 0.0023606458865529254, 0.002785041160087793, 0.0023834718015595196, 0.0014987182590051964, 0.001812544737610083, 0.0016803496583349448, 0.0014609803232260305, 0.0016186839345894116, 0.0018759112168526568, 0.0017622481873956018, 0.00158865217225346, 0.0014077312477361644], "D1_avg": [-0.002114483629413265, -0.002354822743681051, -0.0006412387105622387, -0.000127636874367597, -0.00032130127688917345, 0.0004603744986388494, -0.0014142545467033501, -0.001531400884073265, -0.0010656211684785695, -0.0014351240861473409, -0.0002466682721708873, 0.000429381010599652, 0.0004631601989726227]}], "flux_avg": 0.56326740859593527, "flux_var": 95.102509653938469, "energy_avg": 0.088764170793362199, "zcr_var": 0.00034125429790225927, "zcr_avg": 0.04668580856826926}}, "classic": {"count": 3, "samples": [[{"flux_avg": 0.20981822737719086, "MFCC": "Hirvesti dataa", "energy_avg": 0.03369653672164863, "zcr_avg": 0.09838664120550072}], [{"flux_avg": 0.1932140800746644, "zcr_avg": 0.04550623130059838, "MFCC": "Hirvesti dataa", "energy_avg": 0.0419455319443004}], [{"flux_avg": 0.19881059215871266, "energy_avg": 0.02675478880489249, "MFCC": "Hirvesti dataa", "zcr_avg": 0.025263636904095794}]], "metadata": {"energy_var": 0.000784047871557259, "mfcc": [{"D1_var": [0.002590497834861432, 0.0019938034339362465, 0.0015246877944501273, 0.001574364156306993, 0.0015036887786191702, 0.0014394947236156582, 0.0017011579497140496, 0.0015648125555829825, 0.0014270758279586173, 0.001548055252095718, 0.0017317698350782014, 0.0016596585827558987, 0.0014821869243376092],